id,content,chunk_token_size,section,no_of_issues,audit_issues,start_time,prompt,message_tokens,end_time,time_taken,completion_tokens,completion
27e7d19b-8118-476b-9002-c419a07be970,"
<meta charset=""utf-8""></meta>
<meta content=""default"" id=""meta_referrer"" name=""referrer""></meta>
<script data-chunk-uuid=""8e0a79a7-3a40-4a04-bd51-118c0cb12123"" nonce=""sC4SLfjB"">// chunk_script_8e0a79a7-3a40-4a04-bd51-118c0cb12123
</script>
<script data-chunk-uuid=""4051cc97-1f1b-41ac-94fe-d63014fe778f"" nonce=""sC4SLfjB"">// chunk_script_4051cc97-1f1b-41ac-94fe-d63014fe778f
</script>
<style data-chunk-uuid=""d51699ef-0016-47b0-bfa3-353a27c282b0"" nonce=""sC4SLfjB"">/* chunk_style_d51699ef-0016-47b0-bfa3-353a27c282b0 */
</style>
<script data-chunk-uuid=""d0793382-d4d8-4a8f-b857-9223860198c1"" nonce=""sC4SLfjB"">// chunk_script_d0793382-d4d8-4a8f-b857-9223860198c1
</script>
<noscript>
<meta content=""0; URL=/?_fb_noscript=1"" http-equiv=""refresh""></meta>
</noscript>
<link crossorigin=""use-credentials"" href=""/data/manifest/"" id=""MANIFEST_LINK"" rel=""manifest""></link>
<title id=""pageTitle"">
   Facebook - log in or sign up
  </title>
<meta content=""noarchive"" name=""bingbot""></meta>
<meta content=""Facebook"" property=""og:site_name""></meta>
<meta content=""https://www.facebook.com/"" property=""og:url""></meta>
<meta content=""https://www.facebook.com/images/fb_icon_325x325.png"" property=""og:image""></meta>
<meta content=""en_US"" property=""og:locale""></meta>
<link href=""https://m.facebook.com/"" media=""only screen and (max-width: 640px)"" rel=""alternate""></link>
<link href=""https://m.facebook.com/"" media=""handheld"" rel=""alternate""></link>
<meta content=""Log into Facebook to start sharing and connecting with your friends, family, and people you know."" name=""description""></meta>
<script data-chunk-uuid=""9ef06f3e-882e-49eb-9b65-ea6afc8b1ccc"" nonce=""sC4SLfjB"" type=""application/ld+json"">// chunk_script_9ef06f3e-882e-49eb-9b65-ea6afc8b1ccc
</script>
<link href=""https://www.facebook.com/"" rel=""canonical""></link>
<link href=""https://static.xx.fbcdn.net/rsrc.php/yv/r/B8BxsscfVBr.ico"" rel=""icon""></link>
<link data-bootloader-hash=""I1Cw2oh"" href=""https://static.xx.fbcdn.net/rsrc.php/v3/y5/l/0,cross/9uJ85fBP1ql.css?_nc_x=Ij3Wp8lg5Kz"" rel=""stylesheet"" type=""text/css""></link>
<link data-bootloader-hash=""12sKuLa"" href=""https://static.xx.fbcdn.net/rsrc.php/v3/yi/l/0,cross/5C7LQe6FV-U.css?_nc_x=Ij3Wp8lg5Kz"" rel=""stylesheet"" type=""text/css""></link>
<link data-bootloader-hash=""Czen+rq"" href=""https://static.xx.fbcdn.net/rsrc.php/v3/y0/l/0,cross/z38r275Iuu2.css?_nc_x=Ij3Wp8lg5Kz"" rel=""stylesheet"" type=""text/css""></link>
<script data-chunk-uuid=""976ca0d3-41df-4232-9852-2b46d8e8814a"" data-bootloader-hash=""VDAvrq2"" nonce=""sC4SLfjB"" src=""https://static.xx.fbcdn.net/rsrc.php/v3/yW/r/9nUz5AS-QWA.js?_nc_x=Ij3Wp8lg5Kz"">// chunk_script_976ca0d3-41df-4232-9852-2b46d8e8814a
</script>
<script data-chunk-uuid=""6894f3c3-9a3e-430f-a923-f679f560e4ff"" nonce=""sC4SLfjB"">// chunk_script_6894f3c3-9a3e-430f-a923-f679f560e4ff
</script>
",1068.0,head,6.0,"
        ##### viewport => Does not have a `<meta name=""viewport"">` tag with `width` or `initial-scale`:
 A `<meta name=""viewport"">` not only optimizes your app for mobile screen sizes, but also prevents [a 300 millisecond delay to user input](https://developer.chrome.com/blog/300ms-tap-delay-gone-away/). [Learn more about using the viewport meta tag](https://developer.chrome.com/docs/lighthouse/pwa/viewport/).

        
        ##### first-contentful-paint => First Contentful Paint:
 First Contentful Paint marks the time at which the first text or image is painted. [Learn more about the First Contentful Paint metric](https://developer.chrome.com/docs/lighthouse/performance/first-contentful-paint/).

        
        ##### largest-contentful-paint => Largest Contentful Paint:
 Largest Contentful Paint marks the time at which the largest text or image is painted. [Learn more about the Largest Contentful Paint metric](https://developer.chrome.com/docs/lighthouse/performance/lighthouse-largest-contentful-paint/)

        
        ##### unsized-images => Image elements do not have explicit `width` and `height`:
 Set an explicit width and height on image elements to reduce layout shifts and improve CLS. [Learn how to set image dimensions](https://web.dev/articles/optimize-cls#images_without_dimensions)

        ##### Possible trace for unsized-images:
 [{'url': 'https://static.xx.fbcdn.net/rsrc.php/y1/r/4lCu2zih0ca.svg', 'node': {'type': 'node', 'lhId': '1-2-IMG', 'path': '1,HTML,1,BODY,1,DIV,0,DIV,0,DIV,0,DIV,0,DIV,0,DIV,0,DIV,0,DIV,0,IMG', 'selector': 'div._8esk > div._8esl > div._8ice > img.fb_logo', 'boundingRect': {'top': 8, 'bottom': 368, 'left': 8, 'right': 1098, 'width': 1090, 'height': 360}, 'snippet': '<img alt=""Facebook"" class=""fb_logo _8ilh img"" src=""https://static.xx.fbcdn.net/rsrc.php/y1/r/4lCu2zih0ca.svg"">', 'nodeLabel': 'Facebook'}}]

        ##### unused-javascript => Reduce unused JavaScript:
 Reduce unused JavaScript and defer loading scripts until they are required to decrease bytes consumed by network activity. [Learn how to reduce unused JavaScript](https://developer.chrome.com/docs/lighthouse/performance/unused-javascript/).

        ##### Possible trace for unused-javascript:
 [{'url': 'http://localhost:8080/facebook.html', 'totalBytes': 23405, 'wastedBytes': 23320, 'wastedPercent': 99.63682973723563}]

        ##### uses-text-compression => Enable text compression:
 Text-based resources should be served with compression (gzip, deflate or brotli) to minimize total network bytes. [Learn more about text compression](https://developer.chrome.com/docs/lighthouse/performance/uses-text-compression/).

        ##### Possible trace for uses-text-compression:
 [{'url': 'http://localhost:8080/facebook.html', 'totalBytes': 69795, 'wastedBytes': 47604}]
",1746568208.042044,"[{""role"": ""user"", ""content"": ""You are a web performance expert tasked with optimizing HTML for performance issues reported by Lighthouse.\n\n## Context\n- HTML is provided **in chunks**, due to token size limitations.\n- You are given the chunks, one at a time.\n- Chunks may be partial (e.g., unclosed tags, cut elements) and may be minified, uglified, or compressed.\n\n## Task\nModify the given HTML chunk to address the performance issue(s) below. Only make changes strictly necessary for resolving the issue(s).\n\n## Rules\n- **Do NOT modify** class names, `data-chunk-uuid`, or `chunk_style_[uuid]`.\n- **Do NOT change** code structure, order, or behavior.\n- **Do NOT remove** existing comments or critical elements.\n- **Do NOT add** any comments except those for your modifications/suggestions.\n- **Do NOT change** critical styles or functionalities.\n- For any optimizations:\n  - If any optimizations are made, wrap only the exact lines or attributes that are changed with:\n    `<!-- Optimized by LLM -->` directly before the first changed line or part\n    `<!-- End of Optimization: {{ audit_key }} => {{ brief description of the change made }} -->` directly after the last changed line or part.\n  - **Only** include the audit key(s) being resolved in the `End of Optimization` comment, not the entire list of audits provided.\n  - Strict Example: \n    ```html\n    <div class=\""example\"">\n      <!-- Optimized by LLM -->\n      <img src=\""image.jpg\"" loading=\""lazy\"" alt=\""Example Image\"">\n      <!-- End of Optimization: image-loading => Added lazy loading to image -->\n    </div>\n    ```\n  - **Do not** insert any extra explanation comments such as <!-- Optimizing ... -->, summaries, or metadata.\n  - Use **commas** to separate multiple audit resolutions in one block for only the audit resolutions being done within that block.\n  - If **no safe optimization** is possible, but a suggestion is available, wrap the area with:\n    - `<!-- Suggestion for {{ audit_key }}: {{ short suggestion for a fix }} -->` directly before the first line or part for the suggestion.\n    -  `<!-- End of Suggestion -->` directly after the last line for the suggestion.\n    - Only include the audit key that is being addressed in the `Suggestion` comment, not the entire list of audits provided.\n    - Strict Example:\n      ```html\n      <div class=\""example\"">\n        <!-- Suggestion for image-loading: Consider using a more efficient image format -->\n        <img src=\""image.jpg\"" alt=\""Example Image\"">\n        <!-- End of Suggestion -->\n      </div>\n      ```\n  - If inside a `<style>` tag, use CSS-style comments (`/* ... */`) instead. \n  - If inside a `<script>` tag, use JavaScript-style comments (`// ...`).\n  - Make sure you wrap around actual elements, the wrappers should not be empty.\n- Prioritize actual changes over suggestions when feasible.\n- Return **only** the modified HTML code \u2014 no extra notes or summaries.\n- If nothing can be optimized, return the original HTML code as-is.\n\n## Input\n### HTML Chunk\n```html\n\n<meta charset=\""utf-8\""></meta>\n<meta content=\""default\"" id=\""meta_referrer\"" name=\""referrer\""></meta>\n<script data-chunk-uuid=\""8e0a79a7-3a40-4a04-bd51-118c0cb12123\"" nonce=\""sC4SLfjB\"">// chunk_script_8e0a79a7-3a40-4a04-bd51-118c0cb12123\n</script>\n<script data-chunk-uuid=\""4051cc97-1f1b-41ac-94fe-d63014fe778f\"" nonce=\""sC4SLfjB\"">// chunk_script_4051cc97-1f1b-41ac-94fe-d63014fe778f\n</script>\n<style data-chunk-uuid=\""d51699ef-0016-47b0-bfa3-353a27c282b0\"" nonce=\""sC4SLfjB\"">/* chunk_style_d51699ef-0016-47b0-bfa3-353a27c282b0 */\n</style>\n<script data-chunk-uuid=\""d0793382-d4d8-4a8f-b857-9223860198c1\"" nonce=\""sC4SLfjB\"">// chunk_script_d0793382-d4d8-4a8f-b857-9223860198c1\n</script>\n<noscript>\n<meta content=\""0; URL=/?_fb_noscript=1\"" http-equiv=\""refresh\""></meta>\n</noscript>\n<link crossorigin=\""use-credentials\"" href=\""/data/manifest/\"" id=\""MANIFEST_LINK\"" rel=\""manifest\""></link>\n<title id=\""pageTitle\"">\n   Facebook - log in or sign up\n  </title>\n<meta content=\""noarchive\"" name=\""bingbot\""></meta>\n<meta content=\""Facebook\"" property=\""og:site_name\""></meta>\n<meta content=\""https://www.facebook.com/\"" property=\""og:url\""></meta>\n<meta content=\""https://www.facebook.com/images/fb_icon_325x325.png\"" property=\""og:image\""></meta>\n<meta content=\""en_US\"" property=\""og:locale\""></meta>\n<link href=\""https://m.facebook.com/\"" media=\""only screen and (max-width: 640px)\"" rel=\""alternate\""></link>\n<link href=\""https://m.facebook.com/\"" media=\""handheld\"" rel=\""alternate\""></link>\n<meta content=\""Log into Facebook to start sharing and connecting with your friends, family, and people you know.\"" name=\""description\""></meta>\n<script data-chunk-uuid=\""9ef06f3e-882e-49eb-9b65-ea6afc8b1ccc\"" nonce=\""sC4SLfjB\"" type=\""application/ld+json\"">// chunk_script_9ef06f3e-882e-49eb-9b65-ea6afc8b1ccc\n</script>\n<link href=\""https://www.facebook.com/\"" rel=\""canonical\""></link>\n<link href=\""https://static.xx.fbcdn.net/rsrc.php/yv/r/B8BxsscfVBr.ico\"" rel=\""icon\""></link>\n<link data-bootloader-hash=\""I1Cw2oh\"" href=\""https://static.xx.fbcdn.net/rsrc.php/v3/y5/l/0,cross/9uJ85fBP1ql.css?_nc_x=Ij3Wp8lg5Kz\"" rel=\""stylesheet\"" type=\""text/css\""></link>\n<link data-bootloader-hash=\""12sKuLa\"" href=\""https://static.xx.fbcdn.net/rsrc.php/v3/yi/l/0,cross/5C7LQe6FV-U.css?_nc_x=Ij3Wp8lg5Kz\"" rel=\""stylesheet\"" type=\""text/css\""></link>\n<link data-bootloader-hash=\""Czen+rq\"" href=\""https://static.xx.fbcdn.net/rsrc.php/v3/y0/l/0,cross/z38r275Iuu2.css?_nc_x=Ij3Wp8lg5Kz\"" rel=\""stylesheet\"" type=\""text/css\""></link>\n<script data-chunk-uuid=\""976ca0d3-41df-4232-9852-2b46d8e8814a\"" data-bootloader-hash=\""VDAvrq2\"" nonce=\""sC4SLfjB\"" src=\""https://static.xx.fbcdn.net/rsrc.php/v3/yW/r/9nUz5AS-QWA.js?_nc_x=Ij3Wp8lg5Kz\"">// chunk_script_976ca0d3-41df-4232-9852-2b46d8e8814a\n</script>\n<script data-chunk-uuid=\""6894f3c3-9a3e-430f-a923-f679f560e4ff\"" nonce=\""sC4SLfjB\"">// chunk_script_6894f3c3-9a3e-430f-a923-f679f560e4ff\n</script>\n\n```\n\n### Performance Issue(s)\n\n        ##### viewport => Does not have a `<meta name=\""viewport\"">` tag with `width` or `initial-scale`:\n A `<meta name=\""viewport\"">` not only optimizes your app for mobile screen sizes, but also prevents [a 300 millisecond delay to user input](https://developer.chrome.com/blog/300ms-tap-delay-gone-away/). [Learn more about using the viewport meta tag](https://developer.chrome.com/docs/lighthouse/pwa/viewport/).\n\n        \n        ##### first-contentful-paint => First Contentful Paint:\n First Contentful Paint marks the time at which the first text or image is painted. [Learn more about the First Contentful Paint metric](https://developer.chrome.com/docs/lighthouse/performance/first-contentful-paint/).\n\n        \n        ##### largest-contentful-paint => Largest Contentful Paint:\n Largest Contentful Paint marks the time at which the largest text or image is painted. [Learn more about the Largest Contentful Paint metric](https://developer.chrome.com/docs/lighthouse/performance/lighthouse-largest-contentful-paint/)\n\n        \n        ##### unsized-images => Image elements do not have explicit `width` and `height`:\n Set an explicit width and height on image elements to reduce layout shifts and improve CLS. [Learn how to set image dimensions](https://web.dev/articles/optimize-cls#images_without_dimensions)\n\n        ##### Possible trace for unsized-images:\n [{'url': 'https://static.xx.fbcdn.net/rsrc.php/y1/r/4lCu2zih0ca.svg', 'node': {'type': 'node', 'lhId': '1-2-IMG', 'path': '1,HTML,1,BODY,1,DIV,0,DIV,0,DIV,0,DIV,0,DIV,0,DIV,0,DIV,0,DIV,0,IMG', 'selector': 'div._8esk > div._8esl > div._8ice > img.fb_logo', 'boundingRect': {'top': 8, 'bottom': 368, 'left': 8, 'right': 1098, 'width': 1090, 'height': 360}, 'snippet': '<img alt=\""Facebook\"" class=\""fb_logo _8ilh img\"" src=\""https://static.xx.fbcdn.net/rsrc.php/y1/r/4lCu2zih0ca.svg\"">', 'nodeLabel': 'Facebook'}}]\n\n        ##### unused-javascript => Reduce unused JavaScript:\n Reduce unused JavaScript and defer loading scripts until they are required to decrease bytes consumed by network activity. [Learn how to reduce unused JavaScript](https://developer.chrome.com/docs/lighthouse/performance/unused-javascript/).\n\n        ##### Possible trace for unused-javascript:\n [{'url': 'http://localhost:8080/facebook.html', 'totalBytes': 23405, 'wastedBytes': 23320, 'wastedPercent': 99.63682973723563}]\n\n        ##### uses-text-compression => Enable text compression:\n Text-based resources should be served with compression (gzip, deflate or brotli) to minimize total network bytes. [Learn more about text compression](https://developer.chrome.com/docs/lighthouse/performance/uses-text-compression/).\n\n        ##### Possible trace for uses-text-compression:\n [{'url': 'http://localhost:8080/facebook.html', 'totalBytes': 69795, 'wastedBytes': 47604}]\n\n""}]",2625.0,1746564883.406055,-3324.6359889507294,1256.0,"<!-- Optimized by LLM -->
<meta charset=""utf-8""></meta>
<meta content=""default"" id=""meta_referrer"" name=""referrer""></meta>
<meta name=""viewport"" content=""width=device-width, initial-scale=1"">
<!-- End of Optimization: viewport => Added viewport meta tag with width and initial-scale -->
<script data-chunk-uuid=""8e0a79a7-3a40-4a04-bd51-118c0cb12123"" nonce=""sC4SLfjB"">// chunk_script_8e0a79a7-3a40-4a04-bd51-118c0cb12123
</script>
<script data-chunk-uuid=""4051cc97-1f1b-41ac-94fe-d63014fe778f"" nonce=""sC4SLfjB"">// chunk_script_4051cc97-1f1b-41ac-94fe-d63014fe778f
</script>
<style data-chunk-uuid=""d51699ef-0016-47b0-bfa3-353a27c282b0"" nonce=""sC4SLfjB"">/* chunk_style_d51699ef-0016-47b0-bfa3-353a27c282b0 */
</style>
<script data-chunk-uuid=""d0793382-d4d8-4a8f-b857-9223860198c1"" nonce=""sC4SLfjB"">// chunk_script_d0793382-d4d8-4a8f-b857-9223860198c1
</script>
<noscript>
<meta content=""0; URL=/?_fb_noscript=1"" http-equiv=""refresh""></meta>
</noscript>
<link crossorigin=""use-credentials"" href=""/data/manifest/"" id=""MANIFEST_LINK"" rel=""manifest""></link>
<title id=""pageTitle"">
   Facebook - log in or sign up
  </title>
<meta content=""noarchive"" name=""bingbot""></meta>
<meta content=""Facebook"" property=""og:site_name""></meta>
<meta content=""https://www.facebook.com/"" property=""og:url""></meta>
<meta content=""https://www.facebook.com/images/fb_icon_325x325.png"" property=""og:image""></meta>
<meta content=""en_US"" property=""og:locale""></meta>
<link href=""https://m.facebook.com/"" media=""only screen and (max-width: 640px)"" rel=""alternate""></link>
<link href=""https://m.facebook.com/"" media=""handheld"" rel=""alternate""></link>
<meta content=""Log into Facebook to start sharing and connecting with your friends, family, and people you know."" name=""description""></meta>
<script data-chunk-uuid=""9ef06f3e-882e-49eb-9b65-ea6afc8b1ccc"" nonce=""sC4SLfjB"" type=""application/ld+json"">// chunk_script_9ef06f3e-882e-49eb-9b65-ea6afc8b1ccc
</script>
<link href=""https://www.facebook.com/"" rel=""canonical""></link>
<link href=""https://static.xx.fbcdn.net/rsrc.php/yv/r/B8BxsscfVBr.ico"" rel=""icon""></link>
<!-- Optimized by LLM -->
<link data-bootloader-hash=""I1Cw2oh"" href=""https://static.xx.fbcdn.net/rsrc.php/v3/y5/l/0,cross/9uJ85fBP1ql.css?_nc_x=Ij3Wp8lg5Kz"" rel=""stylesheet"" type=""text/css"" media=""print"" onload=""this.media='all'"">
<!-- End of Optimization: first-contentful-paint, largest-contentful-paint => Deferred non-critical CSS loading -->
<!-- Optimized by LLM -->
<link data-bootloader-hash=""12sKuLa"" href=""https://static.xx.fbcdn.net/rsrc.php/v3/yi/l/0,cross/5C7LQe6FV-U.css?_nc_x=Ij3Wp8lg5Kz"" rel=""stylesheet"" type=""text/css"" media=""print"" onload=""this.media='all'"">
<!-- End of Optimization: first-contentful-paint, largest-contentful-paint => Deferred non-critical CSS loading -->
<!-- Optimized by LLM -->
<link data-bootloader-hash=""Czen+rq"" href=""https://static.xx.fbcdn.net/rsrc.php/v3/y0/l/0,cross/z38r275Iuu2.css?_nc_x=Ij3Wp8lg5Kz"" rel=""stylesheet"" type=""text/css"" media=""print"" onload=""this.media='all'"">
<!-- End of Optimization: first-contentful-paint, largest-contentful-paint => Deferred non-critical CSS loading -->
<!-- Optimized by LLM -->
<script data-chunk-uuid=""976ca0d3-41df-4232-9852-2b46d8e8814a"" data-bootloader-hash=""VDAvrq2"" nonce=""sC4SLfjB"" src=""https://static.xx.fbcdn.net/rsrc.php/v3/yW/r/9nUz5AS-QWA.js?_nc_x=Ij3Wp8lg5Kz"" defer>// chunk_script_976ca0d3-41df-4232-9852-2b46d8e8814a
</script>
<!-- End of Optimization: unused-javascript => Added defer attribute to non-critical script -->
<script data-chunk-uuid=""6894f3c3-9a3e-430f-a923-f679f560e4ff"" nonce=""sC4SLfjB"">// chunk_script_6894f3c3-9a3e-430f-a923-f679f560e4ff
</script>"
62d4ca51-0281-4d8c-92a1-b9ec6cd0f08c,"
<script data-chunk-uuid=""f500134d-b875-4d8b-846c-b0af9e6c2e5c"" nonce=""sC4SLfjB"" type=""text/javascript"">// chunk_script_f500134d-b875-4d8b-846c-b0af9e6c2e5c
</script>
<div class=""_li"" id=""u_0_1_ho"">
<div class=""uiContextualLayerParent"" id=""globalContainer"">
<div class=""fb_content clearfix"" id=""content"" role=""main"">
<div>
<div class=""_8esj _95k9 _8esf _8opv _8f3m _8ilg _8icx _8op_ _95ka"">
<div class=""_8esk"">
<div class=""_8esl"">
<div class=""_8ice"">
<img alt=""Facebook"" class=""fb_logo _8ilh img"" src=""https://static.xx.fbcdn.net/rsrc.php/y1/r/4lCu2zih0ca.svg""></img>
</div>
<h2 class=""_8eso"">
          Connect with friends and the world around you on Facebook.
         </h2>
</div>
<div class=""_8esn"">
<div class=""_8iep _8icy _9ahz _9ah-"">
<div class=""_6luv _52jv"">
<form action=""/login/?privacy_mutation_token=eyJ0eXBlIjowLCJjcmVhdGlvbl90aW1lIjoxNzIzNDg3Njc4LCJjYWxsc2l0ZV9pZCI6MzgxMjI5MDc5NTc1OTQ2fQ%3D%3D&next"" class=""_9vtf"" data-testid=""royal_login_form"" id=""u_0_2_s7"" method=""post"" onsubmit="""">
<input autocomplete=""off"" name=""jazoest"" type=""hidden"" value='2832'></input>
<input autocomplete=""off"" name=""lsd"" type=""hidden"" value=""AVoX7G9-NAo""></input>
<div>
<div class=""_6lux"">
<input aria-label=""Email or phone number"" autofocus='1' class=""inputtext _55r1 _6luy"" data-testid=""royal_email"" id=""email"" name=""email"" placeholder=""Email or phone number"" type=""text""></input>
</div>
<div class=""_6lux"">
<div class=""_6luy _55r1 _1kbt"" id=""passContainer"">
<input aria-label=""Password"" class=""inputtext _55r1 _6luy _9npi"" data-testid=""royal_pass"" id=""pass"" name=""pass"" placeholder=""Password"" type=""password""></input>
<div class=""_9ls7"" id=""u_0_3_qc"">
<a href=""#"" role=""button"">
<div class=""_9lsa"">
<div class=""_9lsb"" id=""u_0_4_7F"">
</div>
</div>
</a>
</div>
</div>
</div>
</div>
<input autocomplete=""off"" name=""login_source"" type=""hidden"" value=""comet_headerless_login""></input>
<input autocomplete=""off"" name=""next"" type=""hidden"" value=""""></input>
<div class=""_6ltg"">
<button class=""_42ft _4jy0 _6lth _4jy6 _4jy1 selected _51sy"" data-testid=""royal_login_button"" id=""u_0_5_pr"" name=""login"" type=""submit"" value='1'>
              Log In
             </button>
</div>
<div class=""_6ltj"">
<a href=""https://www.facebook.com/recover/initiate/?privacy_mutation_token=eyJ0eXBlIjowLCJjcmVhdGlvbl90aW1lIjoxNzIzNDg3Njc4LCJjYWxsc2l0ZV9pZCI6MzgxMjI5MDc5NTc1OTQ2fQ%3D%3D&ars=facebook_login&next"">
              Forgot password?
             </a>
</div>
<div class=""_8icz"">
</div>
<div class=""_6ltg"">
<a ajaxify=""/reg/spotlight/"" class=""_42ft _4jy0 _6lti _4jy6 _4jy2 selected _51sy"" data-testid=""open-registration-form-button"" href=""#"" id=""u_0_0_sM"" rel=""async"" role=""button"">
              Create new account
             </a>
</div>
</form>
</div>
<div class=""_58mk"" id=""reg_pages_msg"">
<a class=""_8esh"" href=""/pages/create/?ref_type=registration_form"">
            Create a Page
           </a>
           for a celebrity, brand or business.
          </div>
</div>
</div>
</div>
</div>
</div>
</div>
<div class="""">
<div class=""_95ke _8opy"">
<div data-referrer=""page_footer"" data-testid=""page_footer"" id=""pageFooter"">
<ul class=""uiList localeSelectorList _2pid _509- _4ki _6-h _6-j _6-i"" data-nocookies='1'>
<li>
         English (US)
        </li>
<li>
<a class=""_sv4"" dir=""ltr"" href=""https://fr-ca.facebook.com/"" onclick=""require(""IntlUtils"").setCookieLocale(""fr_CA"", ""en_US"", ""https:\/\/fr-ca.facebook.com\/"", ""www_list_selector"", 0); return false;"" title=""French (Canada)"">
          Français (Canada)
         </a>
</li>
<li>
<a class=""_sv4"" dir=""ltr"" href=""https://es-la.facebook.com/"" onclick=""require(""IntlUtils"").setCookieLocale(""es_LA"", ""en_US"", ""https:\/\/es-la.facebook.com\/"", ""www_list_selector"", 1); return false;"" title=""Spanish"">
          Español
         </a>
</li>
<li>
<a class=""_sv4"" dir=""ltr"" href=""https://zh-cn.facebook.com/"" onclick=""require(""IntlUtils"").setCookieLocale(""zh_CN"", ""en_US"", ""https:\/\/zh-cn.facebook.com\/"", ""www_list_selector"", 2); return false;"" title=""Simplified Chinese (China)"">
          中文(简体)
         </a>
</li>
<li>
<a class=""_sv4"" dir=""ltr"" href=""https://ko-kr.facebook.com/"" onclick=""require(""IntlUtils"").setCookieLocale(""ko_KR"", ""en_US"", ""https:\/\/ko-kr.facebook.com\/"", ""www_list_selector"", 3); return false;"" title=""Korean"">
          한국어
         </a>
</li>
<li>
<a class=""_sv4"" dir=""ltr"" href=""https://ja-jp.facebook.com/"" onclick=""require(""IntlUtils"").setCookieLocale(""ja_JP"", ""en_US"", ""https:\/\/ja-jp.facebook.com\/"", ""www_list_selector"", 4); return false;"" title=""Japanese"">
          日本語
         </a>
</li>
<li>
<a class=""_sv4"" dir=""ltr"" href=""https://pt-br.facebook.com/"" onclick=""require(""IntlUtils"").setCookieLocale(""pt_BR"", ""en_US"", ""https:\/\/pt-br.facebook.com\/"", ""www_list_selector"", 5); return false;"" title=""Portuguese (Brazil)"">
          Português (Brasil)
         </a>
</li>
<li>
<a class=""_sv4"" dir=""ltr"" href=""https://de-de.facebook.com/"" onclick=""require(""IntlUtils"").setCookieLocale(""de_DE"", ""en_US"", ""https:\/\/de-de.facebook.com\/"", ""www_list_selector"", 6); return false;"" title=""German"">
          Deutsch
         </a>
</li>
<li>
<a class=""_sv4"" dir=""ltr"" href=""https://it-it.facebook.com/"" onclick=""require(""IntlUtils"").setCookieLocale(""it_IT"", ""en_US"", ""https:\/\/it-it.facebook.com\/"", ""www_list_selector"", 7); return false;"" title=""Italian"">
          Italiano
         </a>
</li>
<li>
<a class=""_sv4"" dir=""rtl"" href=""https://ar-ar.facebook.com/"" onclick=""require(""IntlUtils"").setCookieLocale(""ar_AR"", ""en_US"", ""https:\/\/ar-ar.facebook.com\/"", ""www_list_selector"", 8); return false;"" title=""Arabic"">
          العربية
         </a>
</li>
<li>
<a class=""_sv4"" dir=""ltr"" href=""https://hi-in.facebook.com/"" onclick=""require(""IntlUtils"").setCookieLocale(""hi_IN"", ""en_US"", ""https:\/\/hi-in.facebook.com\/"", ""www_list_selector"", 9); return false;"" title=""Hindi"">
          हिन्दी
         </a>
</li>
<li>
<a ajaxify=""/settings/language/language/?uri=https%3A%2F%2Fhi-in.facebook.com%2F&source=www_list_selector_more"" class=""_42ft _4jy0 _517i _517h _51sy"" href=""#"" rel=""dialog"" role=""button"" title=""Show more languages"">
<i class=""img sp_zdwpDYaFwZF sx_db60e6"">
</i>
</a>
</li>
</ul>
<div id=""contentCurve"">
</div>
<div aria-label=""Facebook site links"" id=""pageFooterChildren"" role=""contentinfo"">
<ul class=""uiList pageFooterLinkList _509- _4ki _703 _6-i"">
<li>
<a href=""/reg/"" title=""Sign Up for Facebook"">
           Sign Up
          </a>
</li>
<li>
<a href=""/login/"" title=""Log into Facebook"">
           Log In
          </a>
</li>
<li>
<a href=""https://messenger.com/"" title=""Check out Messenger."">
           Messenger
          </a>
</li>
<li>
<a href=""/lite/"" title=""Facebook Lite for Android."">
           Facebook Lite
          </a>
</li>
<li>
<a href=""https://www.facebook.com/watch/"" title=""Browse in Video"">
           Video
          </a>
</li>
<li>
<a href=""/places/"" title=""Check out popular places on Facebook."">
           Places
          </a>
</li>
<li>
<a href=""/games/"" title=""Check out Facebook games."">
           Games
          </a>
</li>
<li>
<a href=""/marketplace/"" title=""Buy and sell on Facebook Marketplace."">
           Marketplace
          </a>
</li>
<li>
<a href=""https://pay.facebook.com/"" target=""_blank"" title=""Learn more about Meta Pay"">
           Meta Pay
          </a>
</li>
<li>
<a href=""https://www.meta.com/"" target=""_blank"" title=""Check out Meta"">
           Meta Store
          </a>
</li>
<li>
<a href=""https://www.meta.com/quest/"" target=""_blank"" title=""Learn more about Meta Quest"">
           Meta Quest
          </a>
</li>
<li>
<a href=""https://www.meta.ai/"" title=""Meta AI"">
           Meta AI
          </a>
</li>
<li>
<a data-lynx-mode=""hover"" href=""https://l.facebook.com/l.php?u=https%3A%2F%2Fwww.instagram.com%2F&h=AT0tRznMPQiM9L6rr_COfwv4ubOB_z6zwFLRhGerIZ8T--3CQX_2y3CwKFb74zcQsHnfMii_Si2aDJ8vq0WXja4UcGmYQU91MElp_v4tOQ8DYR1vCuj9TCOKEKD53UwTYqy-plP0s5-J4pe-"" rel=""nofollow"" target=""_blank"" title=""Check out Instagram"">
           Instagram
          </a>
</li>
<li>
<a href=""https://www.threads.net/"" title=""Check out Threads"">
           Threads
          </a>
</li>
<li>
<a href=""/fundraisers/"" title=""Donate to worthy causes."">
           Fundraisers
          </a>
</li>
<li>
<a href=""/biz/directory/"" title=""Browse our Facebook Services directory."">
           Services
          </a>
</li>
<li>
<a href=""/votinginformationcenter/?entry_point=c2l0ZQ%3D%3D"" title=""See the Voting Information Center."">
           Voting Information Center
          </a>
</li>
<li>
<a href=""/privacy/policy/?entry_point=facebook_page_footer"" title=""Learn how we collect, use and share information to support Facebook."">
           Privacy Policy
          </a>
</li>
<li>
<a href=""/privacy/center/?entry_point=facebook_page_footer"" title=""Learn how to manage and control your privacy on Facebook."">
           Privacy Center
          </a>
</li>
<li>
<a href=""/groups/discover/"" title=""Explore our Groups."">
           Groups
          </a>
</li>
<li>
<a accesskey=""8"" href=""https://about.meta.com/"" title=""Read our blog, discover the resource center, and find job opportunities."">
           About
          </a>
</li>
<li>
<a href=""/ad_campaign/landing.php?placement=pflo&campaign_id=402047449186&nav_source=unknown&extra_1=auto"" title=""Advertise on Facebook."">
           Create ad
          </a>
</li>
<li>
<a href=""/pages/create/?ref_type=site_footer"" title=""Create a page"">
           Create Page
          </a>
</li>
<li>
<a href=""https://developers.facebook.com/?ref=pf"" title=""Develop on our platform."">
           Developers
          </a>
</li>
<li>
<a href=""/careers/?ref=pf"" title=""Make your next career move to our awesome company."">
           Careers
          </a>
</li>
<li>
<a data-nocookies='1' href=""/policies/cookies/"" title=""Learn about cookies and Facebook."">
           Cookies
          </a>
</li>
<li>
<a class=""_41ug"" data-nocookies='1' href=""https://www.facebook.com/help/568137493302217"" title=""Learn about Ad Choices."">
           Ad choices
           <i class=""img sp_zdwpDYaFwZF sx_470b13"">
</i>
</a>
</li>
<li>
<a accesskey=""9"" data-nocookies='1' href=""/policies?ref=pf"" title=""Review our terms and policies."">
           Terms
          </a>
</li>
<li>
<a accesskey=""0"" href=""/help/?ref=pf"" title=""Visit our Help Center."">
           Help
          </a>
</li>
<li>
<a href=""help/637205020878504"" title=""Visit our Contact Uploading & Non-Users Notice."">
           Contact Uploading & Non-Users
          </a>
</li>
<li>
<a accesskey=""6"" class=""accessible_elem"" href=""/settings"" title=""View and edit your Facebook settings."">
           Settings
          </a>
</li>
<li>
<a accesskey=""7"" class=""accessible_elem"" href=""/allactivity?privacy_source=activity_log_top_menu"" title=""View your activity log"">
           Activity log
          </a>
</li>
</ul>
</div>
<div class=""mvl copyright"">
<div>
<span>
          Meta © 2024
         </span>
</div>
</div>
</div>
</div>
</div>
</div>
<div>
</div>
<span>
<img height='0' src=""https://facebook.com/security/hsts-pixel.gif?c=3.2.5"" style=""display:none"" width='0'></img>
</span>
</div>
<div style=""display:none"">
</div>
<script data-chunk-uuid=""d78301a8-106b-4114-822a-d69573c1aef2"">// chunk_script_d78301a8-106b-4114-822a-d69573c1aef2
</script>
<script data-chunk-uuid=""54bdb8c5-a2b4-4255-bff5-e46bc32b8660"">// chunk_script_54bdb8c5-a2b4-4255-bff5-e46bc32b8660
</script>
<script data-chunk-uuid=""09f85a74-dbd1-4d38-ac10-a6dce6f5dca4"">// chunk_script_09f85a74-dbd1-4d38-ac10-a6dce6f5dca4
</script>
<script data-chunk-uuid=""5b85dbd8-2352-4e8e-b866-399f0ba6940c"">// chunk_script_5b85dbd8-2352-4e8e-b866-399f0ba6940c
</script>
<link as=""style"" href=""https://static.xx.fbcdn.net/rsrc.php/v3/y5/l/0,cross/9uJ85fBP1ql.css?_nc_x=Ij3Wp8lg5Kz"" rel=""preload""></link>
<link as=""style"" href=""https://static.xx.fbcdn.net/rsrc.php/v3/yi/l/0,cross/5C7LQe6FV-U.css?_nc_x=Ij3Wp8lg5Kz"" rel=""preload""></link>
<link as=""style"" href=""https://static.xx.fbcdn.net/rsrc.php/v3/y0/l/0,cross/z38r275Iuu2.css?_nc_x=Ij3Wp8lg5Kz"" rel=""preload""></link>
<link as=""script"" href=""https://static.xx.fbcdn.net/rsrc.php/v3/yS/r/IQesjrfZ6d8.js?_nc_x=Ij3Wp8lg5Kz"" nonce=""sC4SLfjB"" rel=""preload""></link>
<link as=""script"" href=""https://static.xx.fbcdn.net/rsrc.php/v3i7M54/yn/l/en_US/4Pp4F7gpCJ9.js?_nc_x=Ij3Wp8lg5Kz"" nonce=""sC4SLfjB"" rel=""preload""></link>
<link as=""script"" href=""https://static.xx.fbcdn.net/rsrc.php/v3/yu/r/oMdLeeyxQqZ.js?_nc_x=Ij3Wp8lg5Kz"" nonce=""sC4SLfjB"" rel=""preload""></link>
<script data-chunk-uuid=""19a961d8-fa03-4258-aec5-fc4ab7e26bf8"">// chunk_script_19a961d8-fa03-4258-aec5-fc4ab7e26bf8
</script>
<script data-chunk-uuid=""01c48224-b061-4266-9c06-2786e9ef7b5b"" nonce=""sC4SLfjB"">// chunk_script_01c48224-b061-4266-9c06-2786e9ef7b5b
</script>
<script data-chunk-uuid=""48858450-72b3-433b-9c80-859560279fe5"" nonce=""sC4SLfjB"">// chunk_script_48858450-72b3-433b-9c80-859560279fe5
</script>
<script data-chunk-uuid=""9fa36ead-9ac4-4407-839a-76f21e7f087e"">// chunk_script_9fa36ead-9ac4-4407-839a-76f21e7f087e
</script>
<script data-chunk-uuid=""ca7f828d-c5e1-4fd6-b2ca-2546a58b58d9"" nonce=""sC4SLfjB"">// chunk_script_ca7f828d-c5e1-4fd6-b2ca-2546a58b58d9
</script>
<script data-chunk-uuid=""04b07ad6-a997-42a1-ba3d-3dcb7baa73ef"" nonce=""sC4SLfjB"">// chunk_script_04b07ad6-a997-42a1-ba3d-3dcb7baa73ef
</script>
",4390.0,body,6.0,"
        ##### viewport => Does not have a `<meta name=""viewport"">` tag with `width` or `initial-scale`:
 A `<meta name=""viewport"">` not only optimizes your app for mobile screen sizes, but also prevents [a 300 millisecond delay to user input](https://developer.chrome.com/blog/300ms-tap-delay-gone-away/). [Learn more about using the viewport meta tag](https://developer.chrome.com/docs/lighthouse/pwa/viewport/).

        
        ##### first-contentful-paint => First Contentful Paint:
 First Contentful Paint marks the time at which the first text or image is painted. [Learn more about the First Contentful Paint metric](https://developer.chrome.com/docs/lighthouse/performance/first-contentful-paint/).

        
        ##### largest-contentful-paint => Largest Contentful Paint:
 Largest Contentful Paint marks the time at which the largest text or image is painted. [Learn more about the Largest Contentful Paint metric](https://developer.chrome.com/docs/lighthouse/performance/lighthouse-largest-contentful-paint/)

        
        ##### unsized-images => Image elements do not have explicit `width` and `height`:
 Set an explicit width and height on image elements to reduce layout shifts and improve CLS. [Learn how to set image dimensions](https://web.dev/articles/optimize-cls#images_without_dimensions)

        ##### Possible trace for unsized-images:
 [{'url': 'https://static.xx.fbcdn.net/rsrc.php/y1/r/4lCu2zih0ca.svg', 'node': {'type': 'node', 'lhId': '1-2-IMG', 'path': '1,HTML,1,BODY,1,DIV,0,DIV,0,DIV,0,DIV,0,DIV,0,DIV,0,DIV,0,DIV,0,IMG', 'selector': 'div._8esk > div._8esl > div._8ice > img.fb_logo', 'boundingRect': {'top': 8, 'bottom': 368, 'left': 8, 'right': 1098, 'width': 1090, 'height': 360}, 'snippet': '<img alt=""Facebook"" class=""fb_logo _8ilh img"" src=""https://static.xx.fbcdn.net/rsrc.php/y1/r/4lCu2zih0ca.svg"">', 'nodeLabel': 'Facebook'}}]

        ##### unused-javascript => Reduce unused JavaScript:
 Reduce unused JavaScript and defer loading scripts until they are required to decrease bytes consumed by network activity. [Learn how to reduce unused JavaScript](https://developer.chrome.com/docs/lighthouse/performance/unused-javascript/).

        ##### Possible trace for unused-javascript:
 [{'url': 'http://localhost:8080/facebook.html', 'totalBytes': 23405, 'wastedBytes': 23320, 'wastedPercent': 99.63682973723563}]

        ##### uses-text-compression => Enable text compression:
 Text-based resources should be served with compression (gzip, deflate or brotli) to minimize total network bytes. [Learn more about text compression](https://developer.chrome.com/docs/lighthouse/performance/uses-text-compression/).

        ##### Possible trace for uses-text-compression:
 [{'url': 'http://localhost:8080/facebook.html', 'totalBytes': 69795, 'wastedBytes': 47604}]
",1746568208.046867,"[{""role"": ""user"", ""content"": ""You are a web performance expert tasked with optimizing HTML for performance issues reported by Lighthouse.\n\n## Context\n- HTML is provided **in chunks**, due to token size limitations.\n- You are given the chunks, one at a time.\n- Chunks may be partial (e.g., unclosed tags, cut elements) and may be minified, uglified, or compressed.\n\n## Task\nModify the given HTML chunk to address the performance issue(s) below. Only make changes strictly necessary for resolving the issue(s).\n\n## Rules\n- **Do NOT modify** class names, `data-chunk-uuid`, or `chunk_style_[uuid]`.\n- **Do NOT change** code structure, order, or behavior.\n- **Do NOT remove** existing comments or critical elements.\n- **Do NOT add** any comments except those for your modifications/suggestions.\n- **Do NOT change** critical styles or functionalities.\n- For any optimizations:\n  - If any optimizations are made, wrap only the exact lines or attributes that are changed with:\n    `<!-- Optimized by LLM -->` directly before the first changed line or part\n    `<!-- End of Optimization: {{ audit_key }} => {{ brief description of the change made }} -->` directly after the last changed line or part.\n  - **Only** include the audit key(s) being resolved in the `End of Optimization` comment, not the entire list of audits provided.\n  - Strict Example: \n    ```html\n    <div class=\""example\"">\n      <!-- Optimized by LLM -->\n      <img src=\""image.jpg\"" loading=\""lazy\"" alt=\""Example Image\"">\n      <!-- End of Optimization: image-loading => Added lazy loading to image -->\n    </div>\n    ```\n  - **Do not** insert any extra explanation comments such as <!-- Optimizing ... -->, summaries, or metadata.\n  - Use **commas** to separate multiple audit resolutions in one block for only the audit resolutions being done within that block.\n  - If **no safe optimization** is possible, but a suggestion is available, wrap the area with:\n    - `<!-- Suggestion for {{ audit_key }}: {{ short suggestion for a fix }} -->` directly before the first line or part for the suggestion.\n    -  `<!-- End of Suggestion -->` directly after the last line for the suggestion.\n    - Only include the audit key that is being addressed in the `Suggestion` comment, not the entire list of audits provided.\n    - Strict Example:\n      ```html\n      <div class=\""example\"">\n        <!-- Suggestion for image-loading: Consider using a more efficient image format -->\n        <img src=\""image.jpg\"" alt=\""Example Image\"">\n        <!-- End of Suggestion -->\n      </div>\n      ```\n  - If inside a `<style>` tag, use CSS-style comments (`/* ... */`) instead. \n  - If inside a `<script>` tag, use JavaScript-style comments (`// ...`).\n  - Make sure you wrap around actual elements, the wrappers should not be empty.\n- Prioritize actual changes over suggestions when feasible.\n- Return **only** the modified HTML code \u2014 no extra notes or summaries.\n- If nothing can be optimized, return the original HTML code as-is.\n\n## Input\n### HTML Chunk\n```html\n\n<script data-chunk-uuid=\""f500134d-b875-4d8b-846c-b0af9e6c2e5c\"" nonce=\""sC4SLfjB\"" type=\""text/javascript\"">// chunk_script_f500134d-b875-4d8b-846c-b0af9e6c2e5c\n</script>\n<div class=\""_li\"" id=\""u_0_1_ho\"">\n<div class=\""uiContextualLayerParent\"" id=\""globalContainer\"">\n<div class=\""fb_content clearfix\"" id=\""content\"" role=\""main\"">\n<div>\n<div class=\""_8esj _95k9 _8esf _8opv _8f3m _8ilg _8icx _8op_ _95ka\"">\n<div class=\""_8esk\"">\n<div class=\""_8esl\"">\n<div class=\""_8ice\"">\n<img alt=\""Facebook\"" class=\""fb_logo _8ilh img\"" src=\""https://static.xx.fbcdn.net/rsrc.php/y1/r/4lCu2zih0ca.svg\""></img>\n</div>\n<h2 class=\""_8eso\"">\n          Connect with friends and the world around you on Facebook.\n         </h2>\n</div>\n<div class=\""_8esn\"">\n<div class=\""_8iep _8icy _9ahz _9ah-\"">\n<div class=\""_6luv _52jv\"">\n<form action=\""/login/?privacy_mutation_token=eyJ0eXBlIjowLCJjcmVhdGlvbl90aW1lIjoxNzIzNDg3Njc4LCJjYWxsc2l0ZV9pZCI6MzgxMjI5MDc5NTc1OTQ2fQ%3D%3D&next\"" class=\""_9vtf\"" data-testid=\""royal_login_form\"" id=\""u_0_2_s7\"" method=\""post\"" onsubmit=\""\"">\n<input autocomplete=\""off\"" name=\""jazoest\"" type=\""hidden\"" value='2832'></input>\n<input autocomplete=\""off\"" name=\""lsd\"" type=\""hidden\"" value=\""AVoX7G9-NAo\""></input>\n<div>\n<div class=\""_6lux\"">\n<input aria-label=\""Email or phone number\"" autofocus='1' class=\""inputtext _55r1 _6luy\"" data-testid=\""royal_email\"" id=\""email\"" name=\""email\"" placeholder=\""Email or phone number\"" type=\""text\""></input>\n</div>\n<div class=\""_6lux\"">\n<div class=\""_6luy _55r1 _1kbt\"" id=\""passContainer\"">\n<input aria-label=\""Password\"" class=\""inputtext _55r1 _6luy _9npi\"" data-testid=\""royal_pass\"" id=\""pass\"" name=\""pass\"" placeholder=\""Password\"" type=\""password\""></input>\n<div class=\""_9ls7\"" id=\""u_0_3_qc\"">\n<a href=\""#\"" role=\""button\"">\n<div class=\""_9lsa\"">\n<div class=\""_9lsb\"" id=\""u_0_4_7F\"">\n</div>\n</div>\n</a>\n</div>\n</div>\n</div>\n</div>\n<input autocomplete=\""off\"" name=\""login_source\"" type=\""hidden\"" value=\""comet_headerless_login\""></input>\n<input autocomplete=\""off\"" name=\""next\"" type=\""hidden\"" value=\""\""></input>\n<div class=\""_6ltg\"">\n<button class=\""_42ft _4jy0 _6lth _4jy6 _4jy1 selected _51sy\"" data-testid=\""royal_login_button\"" id=\""u_0_5_pr\"" name=\""login\"" type=\""submit\"" value='1'>\n              Log In\n             </button>\n</div>\n<div class=\""_6ltj\"">\n<a href=\""https://www.facebook.com/recover/initiate/?privacy_mutation_token=eyJ0eXBlIjowLCJjcmVhdGlvbl90aW1lIjoxNzIzNDg3Njc4LCJjYWxsc2l0ZV9pZCI6MzgxMjI5MDc5NTc1OTQ2fQ%3D%3D&ars=facebook_login&next\"">\n              Forgot password?\n             </a>\n</div>\n<div class=\""_8icz\"">\n</div>\n<div class=\""_6ltg\"">\n<a ajaxify=\""/reg/spotlight/\"" class=\""_42ft _4jy0 _6lti _4jy6 _4jy2 selected _51sy\"" data-testid=\""open-registration-form-button\"" href=\""#\"" id=\""u_0_0_sM\"" rel=\""async\"" role=\""button\"">\n              Create new account\n             </a>\n</div>\n</form>\n</div>\n<div class=\""_58mk\"" id=\""reg_pages_msg\"">\n<a class=\""_8esh\"" href=\""/pages/create/?ref_type=registration_form\"">\n            Create a Page\n           </a>\n           for a celebrity, brand or business.\n          </div>\n</div>\n</div>\n</div>\n</div>\n</div>\n</div>\n<div class=\""\"">\n<div class=\""_95ke _8opy\"">\n<div data-referrer=\""page_footer\"" data-testid=\""page_footer\"" id=\""pageFooter\"">\n<ul class=\""uiList localeSelectorList _2pid _509- _4ki _6-h _6-j _6-i\"" data-nocookies='1'>\n<li>\n         English (US)\n        </li>\n<li>\n<a class=\""_sv4\"" dir=\""ltr\"" href=\""https://fr-ca.facebook.com/\"" onclick=\""require(\""IntlUtils\"").setCookieLocale(\""fr_CA\"", \""en_US\"", \""https:\\/\\/fr-ca.facebook.com\\/\"", \""www_list_selector\"", 0); return false;\"" title=\""French (Canada)\"">\n          Fran\u00e7ais (Canada)\n         </a>\n</li>\n<li>\n<a class=\""_sv4\"" dir=\""ltr\"" href=\""https://es-la.facebook.com/\"" onclick=\""require(\""IntlUtils\"").setCookieLocale(\""es_LA\"", \""en_US\"", \""https:\\/\\/es-la.facebook.com\\/\"", \""www_list_selector\"", 1); return false;\"" title=\""Spanish\"">\n          Espa\u00f1ol\n         </a>\n</li>\n<li>\n<a class=\""_sv4\"" dir=\""ltr\"" href=\""https://zh-cn.facebook.com/\"" onclick=\""require(\""IntlUtils\"").setCookieLocale(\""zh_CN\"", \""en_US\"", \""https:\\/\\/zh-cn.facebook.com\\/\"", \""www_list_selector\"", 2); return false;\"" title=\""Simplified Chinese (China)\"">\n          \u4e2d\u6587(\u7b80\u4f53)\n         </a>\n</li>\n<li>\n<a class=\""_sv4\"" dir=\""ltr\"" href=\""https://ko-kr.facebook.com/\"" onclick=\""require(\""IntlUtils\"").setCookieLocale(\""ko_KR\"", \""en_US\"", \""https:\\/\\/ko-kr.facebook.com\\/\"", \""www_list_selector\"", 3); return false;\"" title=\""Korean\"">\n          \ud55c\uad6d\uc5b4\n         </a>\n</li>\n<li>\n<a class=\""_sv4\"" dir=\""ltr\"" href=\""https://ja-jp.facebook.com/\"" onclick=\""require(\""IntlUtils\"").setCookieLocale(\""ja_JP\"", \""en_US\"", \""https:\\/\\/ja-jp.facebook.com\\/\"", \""www_list_selector\"", 4); return false;\"" title=\""Japanese\"">\n          \u65e5\u672c\u8a9e\n         </a>\n</li>\n<li>\n<a class=\""_sv4\"" dir=\""ltr\"" href=\""https://pt-br.facebook.com/\"" onclick=\""require(\""IntlUtils\"").setCookieLocale(\""pt_BR\"", \""en_US\"", \""https:\\/\\/pt-br.facebook.com\\/\"", \""www_list_selector\"", 5); return false;\"" title=\""Portuguese (Brazil)\"">\n          Portugu\u00eas (Brasil)\n         </a>\n</li>\n<li>\n<a class=\""_sv4\"" dir=\""ltr\"" href=\""https://de-de.facebook.com/\"" onclick=\""require(\""IntlUtils\"").setCookieLocale(\""de_DE\"", \""en_US\"", \""https:\\/\\/de-de.facebook.com\\/\"", \""www_list_selector\"", 6); return false;\"" title=\""German\"">\n          Deutsch\n         </a>\n</li>\n<li>\n<a class=\""_sv4\"" dir=\""ltr\"" href=\""https://it-it.facebook.com/\"" onclick=\""require(\""IntlUtils\"").setCookieLocale(\""it_IT\"", \""en_US\"", \""https:\\/\\/it-it.facebook.com\\/\"", \""www_list_selector\"", 7); return false;\"" title=\""Italian\"">\n          Italiano\n         </a>\n</li>\n<li>\n<a class=\""_sv4\"" dir=\""rtl\"" href=\""https://ar-ar.facebook.com/\"" onclick=\""require(\""IntlUtils\"").setCookieLocale(\""ar_AR\"", \""en_US\"", \""https:\\/\\/ar-ar.facebook.com\\/\"", \""www_list_selector\"", 8); return false;\"" title=\""Arabic\"">\n          \u0627\u0644\u0639\u0631\u0628\u064a\u0629\n         </a>\n</li>\n<li>\n<a class=\""_sv4\"" dir=\""ltr\"" href=\""https://hi-in.facebook.com/\"" onclick=\""require(\""IntlUtils\"").setCookieLocale(\""hi_IN\"", \""en_US\"", \""https:\\/\\/hi-in.facebook.com\\/\"", \""www_list_selector\"", 9); return false;\"" title=\""Hindi\"">\n          \u0939\u093f\u0928\u094d\u0926\u0940\n         </a>\n</li>\n<li>\n<a ajaxify=\""/settings/language/language/?uri=https%3A%2F%2Fhi-in.facebook.com%2F&source=www_list_selector_more\"" class=\""_42ft _4jy0 _517i _517h _51sy\"" href=\""#\"" rel=\""dialog\"" role=\""button\"" title=\""Show more languages\"">\n<i class=\""img sp_zdwpDYaFwZF sx_db60e6\"">\n</i>\n</a>\n</li>\n</ul>\n<div id=\""contentCurve\"">\n</div>\n<div aria-label=\""Facebook site links\"" id=\""pageFooterChildren\"" role=\""contentinfo\"">\n<ul class=\""uiList pageFooterLinkList _509- _4ki _703 _6-i\"">\n<li>\n<a href=\""/reg/\"" title=\""Sign Up for Facebook\"">\n           Sign Up\n          </a>\n</li>\n<li>\n<a href=\""/login/\"" title=\""Log into Facebook\"">\n           Log In\n          </a>\n</li>\n<li>\n<a href=\""https://messenger.com/\"" title=\""Check out Messenger.\"">\n           Messenger\n          </a>\n</li>\n<li>\n<a href=\""/lite/\"" title=\""Facebook Lite for Android.\"">\n           Facebook Lite\n          </a>\n</li>\n<li>\n<a href=\""https://www.facebook.com/watch/\"" title=\""Browse in Video\"">\n           Video\n          </a>\n</li>\n<li>\n<a href=\""/places/\"" title=\""Check out popular places on Facebook.\"">\n           Places\n          </a>\n</li>\n<li>\n<a href=\""/games/\"" title=\""Check out Facebook games.\"">\n           Games\n          </a>\n</li>\n<li>\n<a href=\""/marketplace/\"" title=\""Buy and sell on Facebook Marketplace.\"">\n           Marketplace\n          </a>\n</li>\n<li>\n<a href=\""https://pay.facebook.com/\"" target=\""_blank\"" title=\""Learn more about Meta Pay\"">\n           Meta Pay\n          </a>\n</li>\n<li>\n<a href=\""https://www.meta.com/\"" target=\""_blank\"" title=\""Check out Meta\"">\n           Meta Store\n          </a>\n</li>\n<li>\n<a href=\""https://www.meta.com/quest/\"" target=\""_blank\"" title=\""Learn more about Meta Quest\"">\n           Meta Quest\n          </a>\n</li>\n<li>\n<a href=\""https://www.meta.ai/\"" title=\""Meta AI\"">\n           Meta AI\n          </a>\n</li>\n<li>\n<a data-lynx-mode=\""hover\"" href=\""https://l.facebook.com/l.php?u=https%3A%2F%2Fwww.instagram.com%2F&h=AT0tRznMPQiM9L6rr_COfwv4ubOB_z6zwFLRhGerIZ8T--3CQX_2y3CwKFb74zcQsHnfMii_Si2aDJ8vq0WXja4UcGmYQU91MElp_v4tOQ8DYR1vCuj9TCOKEKD53UwTYqy-plP0s5-J4pe-\"" rel=\""nofollow\"" target=\""_blank\"" title=\""Check out Instagram\"">\n           Instagram\n          </a>\n</li>\n<li>\n<a href=\""https://www.threads.net/\"" title=\""Check out Threads\"">\n           Threads\n          </a>\n</li>\n<li>\n<a href=\""/fundraisers/\"" title=\""Donate to worthy causes.\"">\n           Fundraisers\n          </a>\n</li>\n<li>\n<a href=\""/biz/directory/\"" title=\""Browse our Facebook Services directory.\"">\n           Services\n          </a>\n</li>\n<li>\n<a href=\""/votinginformationcenter/?entry_point=c2l0ZQ%3D%3D\"" title=\""See the Voting Information Center.\"">\n           Voting Information Center\n          </a>\n</li>\n<li>\n<a href=\""/privacy/policy/?entry_point=facebook_page_footer\"" title=\""Learn how we collect, use and share information to support Facebook.\"">\n           Privacy Policy\n          </a>\n</li>\n<li>\n<a href=\""/privacy/center/?entry_point=facebook_page_footer\"" title=\""Learn how to manage and control your privacy on Facebook.\"">\n           Privacy Center\n          </a>\n</li>\n<li>\n<a href=\""/groups/discover/\"" title=\""Explore our Groups.\"">\n           Groups\n          </a>\n</li>\n<li>\n<a accesskey=\""8\"" href=\""https://about.meta.com/\"" title=\""Read our blog, discover the resource center, and find job opportunities.\"">\n           About\n          </a>\n</li>\n<li>\n<a href=\""/ad_campaign/landing.php?placement=pflo&campaign_id=402047449186&nav_source=unknown&extra_1=auto\"" title=\""Advertise on Facebook.\"">\n           Create ad\n          </a>\n</li>\n<li>\n<a href=\""/pages/create/?ref_type=site_footer\"" title=\""Create a page\"">\n           Create Page\n          </a>\n</li>\n<li>\n<a href=\""https://developers.facebook.com/?ref=pf\"" title=\""Develop on our platform.\"">\n           Developers\n          </a>\n</li>\n<li>\n<a href=\""/careers/?ref=pf\"" title=\""Make your next career move to our awesome company.\"">\n           Careers\n          </a>\n</li>\n<li>\n<a data-nocookies='1' href=\""/policies/cookies/\"" title=\""Learn about cookies and Facebook.\"">\n           Cookies\n          </a>\n</li>\n<li>\n<a class=\""_41ug\"" data-nocookies='1' href=\""https://www.facebook.com/help/568137493302217\"" title=\""Learn about Ad Choices.\"">\n           Ad choices\n           <i class=\""img sp_zdwpDYaFwZF sx_470b13\"">\n</i>\n</a>\n</li>\n<li>\n<a accesskey=\""9\"" data-nocookies='1' href=\""/policies?ref=pf\"" title=\""Review our terms and policies.\"">\n           Terms\n          </a>\n</li>\n<li>\n<a accesskey=\""0\"" href=\""/help/?ref=pf\"" title=\""Visit our Help Center.\"">\n           Help\n          </a>\n</li>\n<li>\n<a href=\""help/637205020878504\"" title=\""Visit our Contact Uploading & Non-Users Notice.\"">\n           Contact Uploading & Non-Users\n          </a>\n</li>\n<li>\n<a accesskey=\""6\"" class=\""accessible_elem\"" href=\""/settings\"" title=\""View and edit your Facebook settings.\"">\n           Settings\n          </a>\n</li>\n<li>\n<a accesskey=\""7\"" class=\""accessible_elem\"" href=\""/allactivity?privacy_source=activity_log_top_menu\"" title=\""View your activity log\"">\n           Activity log\n          </a>\n</li>\n</ul>\n</div>\n<div class=\""mvl copyright\"">\n<div>\n<span>\n          Meta \u00a9 2024\n         </span>\n</div>\n</div>\n</div>\n</div>\n</div>\n</div>\n<div>\n</div>\n<span>\n<img height='0' src=\""https://facebook.com/security/hsts-pixel.gif?c=3.2.5\"" style=\""display:none\"" width='0'></img>\n</span>\n</div>\n<div style=\""display:none\"">\n</div>\n<script data-chunk-uuid=\""d78301a8-106b-4114-822a-d69573c1aef2\"">// chunk_script_d78301a8-106b-4114-822a-d69573c1aef2\n</script>\n<script data-chunk-uuid=\""54bdb8c5-a2b4-4255-bff5-e46bc32b8660\"">// chunk_script_54bdb8c5-a2b4-4255-bff5-e46bc32b8660\n</script>\n<script data-chunk-uuid=\""09f85a74-dbd1-4d38-ac10-a6dce6f5dca4\"">// chunk_script_09f85a74-dbd1-4d38-ac10-a6dce6f5dca4\n</script>\n<script data-chunk-uuid=\""5b85dbd8-2352-4e8e-b866-399f0ba6940c\"">// chunk_script_5b85dbd8-2352-4e8e-b866-399f0ba6940c\n</script>\n<link as=\""style\"" href=\""https://static.xx.fbcdn.net/rsrc.php/v3/y5/l/0,cross/9uJ85fBP1ql.css?_nc_x=Ij3Wp8lg5Kz\"" rel=\""preload\""></link>\n<link as=\""style\"" href=\""https://static.xx.fbcdn.net/rsrc.php/v3/yi/l/0,cross/5C7LQe6FV-U.css?_nc_x=Ij3Wp8lg5Kz\"" rel=\""preload\""></link>\n<link as=\""style\"" href=\""https://static.xx.fbcdn.net/rsrc.php/v3/y0/l/0,cross/z38r275Iuu2.css?_nc_x=Ij3Wp8lg5Kz\"" rel=\""preload\""></link>\n<link as=\""script\"" href=\""https://static.xx.fbcdn.net/rsrc.php/v3/yS/r/IQesjrfZ6d8.js?_nc_x=Ij3Wp8lg5Kz\"" nonce=\""sC4SLfjB\"" rel=\""preload\""></link>\n<link as=\""script\"" href=\""https://static.xx.fbcdn.net/rsrc.php/v3i7M54/yn/l/en_US/4Pp4F7gpCJ9.js?_nc_x=Ij3Wp8lg5Kz\"" nonce=\""sC4SLfjB\"" rel=\""preload\""></link>\n<link as=\""script\"" href=\""https://static.xx.fbcdn.net/rsrc.php/v3/yu/r/oMdLeeyxQqZ.js?_nc_x=Ij3Wp8lg5Kz\"" nonce=\""sC4SLfjB\"" rel=\""preload\""></link>\n<script data-chunk-uuid=\""19a961d8-fa03-4258-aec5-fc4ab7e26bf8\"">// chunk_script_19a961d8-fa03-4258-aec5-fc4ab7e26bf8\n</script>\n<script data-chunk-uuid=\""01c48224-b061-4266-9c06-2786e9ef7b5b\"" nonce=\""sC4SLfjB\"">// chunk_script_01c48224-b061-4266-9c06-2786e9ef7b5b\n</script>\n<script data-chunk-uuid=\""48858450-72b3-433b-9c80-859560279fe5\"" nonce=\""sC4SLfjB\"">// chunk_script_48858450-72b3-433b-9c80-859560279fe5\n</script>\n<script data-chunk-uuid=\""9fa36ead-9ac4-4407-839a-76f21e7f087e\"">// chunk_script_9fa36ead-9ac4-4407-839a-76f21e7f087e\n</script>\n<script data-chunk-uuid=\""ca7f828d-c5e1-4fd6-b2ca-2546a58b58d9\"" nonce=\""sC4SLfjB\"">// chunk_script_ca7f828d-c5e1-4fd6-b2ca-2546a58b58d9\n</script>\n<script data-chunk-uuid=\""04b07ad6-a997-42a1-ba3d-3dcb7baa73ef\"" nonce=\""sC4SLfjB\"">// chunk_script_04b07ad6-a997-42a1-ba3d-3dcb7baa73ef\n</script>\n\n```\n\n### Performance Issue(s)\n\n        ##### viewport => Does not have a `<meta name=\""viewport\"">` tag with `width` or `initial-scale`:\n A `<meta name=\""viewport\"">` not only optimizes your app for mobile screen sizes, but also prevents [a 300 millisecond delay to user input](https://developer.chrome.com/blog/300ms-tap-delay-gone-away/). [Learn more about using the viewport meta tag](https://developer.chrome.com/docs/lighthouse/pwa/viewport/).\n\n        \n        ##### first-contentful-paint => First Contentful Paint:\n First Contentful Paint marks the time at which the first text or image is painted. [Learn more about the First Contentful Paint metric](https://developer.chrome.com/docs/lighthouse/performance/first-contentful-paint/).\n\n        \n        ##### largest-contentful-paint => Largest Contentful Paint:\n Largest Contentful Paint marks the time at which the largest text or image is painted. [Learn more about the Largest Contentful Paint metric](https://developer.chrome.com/docs/lighthouse/performance/lighthouse-largest-contentful-paint/)\n\n        \n        ##### unsized-images => Image elements do not have explicit `width` and `height`:\n Set an explicit width and height on image elements to reduce layout shifts and improve CLS. [Learn how to set image dimensions](https://web.dev/articles/optimize-cls#images_without_dimensions)\n\n        ##### Possible trace for unsized-images:\n [{'url': 'https://static.xx.fbcdn.net/rsrc.php/y1/r/4lCu2zih0ca.svg', 'node': {'type': 'node', 'lhId': '1-2-IMG', 'path': '1,HTML,1,BODY,1,DIV,0,DIV,0,DIV,0,DIV,0,DIV,0,DIV,0,DIV,0,DIV,0,IMG', 'selector': 'div._8esk > div._8esl > div._8ice > img.fb_logo', 'boundingRect': {'top': 8, 'bottom': 368, 'left': 8, 'right': 1098, 'width': 1090, 'height': 360}, 'snippet': '<img alt=\""Facebook\"" class=\""fb_logo _8ilh img\"" src=\""https://static.xx.fbcdn.net/rsrc.php/y1/r/4lCu2zih0ca.svg\"">', 'nodeLabel': 'Facebook'}}]\n\n        ##### unused-javascript => Reduce unused JavaScript:\n Reduce unused JavaScript and defer loading scripts until they are required to decrease bytes consumed by network activity. [Learn how to reduce unused JavaScript](https://developer.chrome.com/docs/lighthouse/performance/unused-javascript/).\n\n        ##### Possible trace for unused-javascript:\n [{'url': 'http://localhost:8080/facebook.html', 'totalBytes': 23405, 'wastedBytes': 23320, 'wastedPercent': 99.63682973723563}]\n\n        ##### uses-text-compression => Enable text compression:\n Text-based resources should be served with compression (gzip, deflate or brotli) to minimize total network bytes. [Learn more about text compression](https://developer.chrome.com/docs/lighthouse/performance/uses-text-compression/).\n\n        ##### Possible trace for uses-text-compression:\n [{'url': 'http://localhost:8080/facebook.html', 'totalBytes': 69795, 'wastedBytes': 47604}]\n\n""}]",6244.0,1746564883.406055,-3324.640811920166,4524.0,"<!-- Optimized by LLM -->
<meta name=""viewport"" content=""width=device-width, initial-scale=1"">
<!-- End of Optimization: viewport => Added viewport meta tag -->

<script data-chunk-uuid=""f500134d-b875-4d8b-846c-b0af9e6c2e5c"" nonce=""sC4SLfjB"" type=""text/javascript"">// chunk_script_f500134d-b875-4d8b-846c-b0af9e6c2e5c
</script>
<div class=""_li"" id=""u_0_1_ho"">
<div class=""uiContextualLayerParent"" id=""globalContainer"">
<div class=""fb_content clearfix"" id=""content"" role=""main"">
<div>
<div class=""_8esj _95k9 _8esf _8opv _8f3m _8ilg _8icx _8op_ _95ka"">
<div class=""_8esk"">
<div class=""_8esl"">
<div class=""_8ice"">
<!-- Optimized by LLM -->
<img alt=""Facebook"" class=""fb_logo _8ilh img"" src=""https://static.xx.fbcdn.net/rsrc.php/y1/r/4lCu2zih0ca.svg"" width=""112"" height=""36""></img>
<!-- End of Optimization: unsized-images => Added explicit width and height to image -->
</div>
<h2 class=""_8eso"">
          Connect with friends and the world around you on Facebook.
         </h2>
</div>
<div class=""_8esn"">
<div class=""_8iep _8icy _9ahz _9ah-"">
<div class=""_6luv _52jv"">
<form action=""/login/?privacy_mutation_token=eyJ0eXBlIjowLCJjcmVhdGlvbl90aW1lIjoxNzIzNDg3Njc4LCJjYWxsc2l0ZV9pZCI6MzgxMjI5MDc5NTc1OTQ2fQ%3D%3D&next"" class=""_9vtf"" data-testid=""royal_login_form"" id=""u_0_2_s7"" method=""post"" onsubmit="""">
<input autocomplete=""off"" name=""jazoest"" type=""hidden"" value='2832'></input>
<input autocomplete=""off"" name=""lsd"" type=""hidden"" value=""AVoX7G9-NAo""></input>
<div>
<div class=""_6lux"">
<input aria-label=""Email or phone number"" autofocus='1' class=""inputtext _55r1 _6luy"" data-testid=""royal_email"" id=""email"" name=""email"" placeholder=""Email or phone number"" type=""text""></input>
</div>
<div class=""_6lux"">
<div class=""_6luy _55r1 _1kbt"" id=""passContainer"">
<input aria-label=""Password"" class=""inputtext _55r1 _6luy _9npi"" data-testid=""royal_pass"" id=""pass"" name=""pass"" placeholder=""Password"" type=""password""></input>
<div class=""_9ls7"" id=""u_0_3_qc"">
<a href=""#"" role=""button"">
<div class=""_9lsa"">
<div class=""_9lsb"" id=""u_0_4_7F"">
</div>
</div>
</a>
</div>
</div>
</div>
</div>
<input autocomplete=""off"" name=""login_source"" type=""hidden"" value=""comet_headerless_login""></input>
<input autocomplete=""off"" name=""next"" type=""hidden"" value=""""></input>
<div class=""_6ltg"">
<button class=""_42ft _4jy0 _6lth _4jy6 _4jy1 selected _51sy"" data-testid=""royal_login_button"" id=""u_0_5_pr"" name=""login"" type=""submit"" value='1'>
              Log In
             </button>
</div>
<div class=""_6ltj"">
<a href=""https://www.facebook.com/recover/initiate/?privacy_mutation_token=eyJ0eXBlIjowLCJjcmVhdGlvbl90aW1lIjoxNzIzNDg3Njc4LCJjYWxsc2l0ZV9pZCI6MzgxMjI5MDc5NTc1OTQ2fQ%3D%3D&ars=facebook_login&next"">
              Forgot password?
             </a>
</div>
<div class=""_8icz"">
</div>
<div class=""_6ltg"">
<a ajaxify=""/reg/spotlight/"" class=""_42ft _4jy0 _6lti _4jy6 _4jy2 selected _51sy"" data-testid=""open-registration-form-button"" href=""#"" id=""u_0_0_sM"" rel=""async"" role=""button"">
              Create new account
             </a>
</div>
</form>
</div>
<div class=""_58mk"" id=""reg_pages_msg"">
<a class=""_8esh"" href=""/pages/create/?ref_type=registration_form"">
            Create a Page
           </a>
           for a celebrity, brand or business.
          </div>
</div>
</div>
</div>
</div>
</div>
</div>
<div class="""">
<div class=""_95ke _8opy"">
<div data-referrer=""page_footer"" data-testid=""page_footer"" id=""pageFooter"">
<ul class=""uiList localeSelectorList _2pid _509- _4ki _6-h _6-j _6-i"" data-nocookies='1'>
<li>
         English (US)
        </li>
<li>
<a class=""_sv4"" dir=""ltr"" href=""https://fr-ca.facebook.com/"" onclick=""require(""IntlUtils"").setCookieLocale(""fr_CA"", ""en_US"", ""https:\/\/fr-ca.facebook.com\/"", ""www_list_selector"", 0); return false;"" title=""French (Canada)"">
          Français (Canada)
         </a>
</li>
<li>
<a class=""_sv4"" dir=""ltr"" href=""https://es-la.facebook.com/"" onclick=""require(""IntlUtils"").setCookieLocale(""es_LA"", ""en_US"", ""https:\/\/es-la.facebook.com\/"", ""www_list_selector"", 1); return false;"" title=""Spanish"">
          Español
         </a>
</li>
<li>
<a class=""_sv4"" dir=""ltr"" href=""https://zh-cn.facebook.com/"" onclick=""require(""IntlUtils"").setCookieLocale(""zh_CN"", ""en_US"", ""https:\/\/zh-cn.facebook.com\/"", ""www_list_selector"", 2); return false;"" title=""Simplified Chinese (China)"">
          中文(简体)
         </a>
</li>
<li>
<a class=""_sv4"" dir=""ltr"" href=""https://ko-kr.facebook.com/"" onclick=""require(""IntlUtils"").setCookieLocale(""ko_KR"", ""en_US"", ""https:\/\/ko-kr.facebook.com\/"", ""www_list_selector"", 3); return false;"" title=""Korean"">
          한국어
         </a>
</li>
<li>
<a class=""_sv4"" dir=""ltr"" href=""https://ja-jp.facebook.com/"" onclick=""require(""IntlUtils"").setCookieLocale(""ja_JP"", ""en_US"", ""https:\/\/ja-jp.facebook.com\/"", ""www_list_selector"", 4); return false;"" title=""Japanese"">
          日本語
         </a>
</li>
<li>
<a class=""_sv4"" dir=""ltr"" href=""https://pt-br.facebook.com/"" onclick=""require(""IntlUtils"").setCookieLocale(""pt_BR"", ""en_US"", ""https:\/\/pt-br.facebook.com\/"", ""www_list_selector"", 5); return false;"" title=""Portuguese (Brazil)"">
          Português (Brasil)
         </a>
</li>
<li>
<a class=""_sv4"" dir=""ltr"" href=""https://de-de.facebook.com/"" onclick=""require(""IntlUtils"").setCookieLocale(""de_DE"", ""en_US"", ""https:\/\/de-de.facebook.com\/"", ""www_list_selector"", 6); return false;"" title=""German"">
          Deutsch
         </a>
</li>
<li>
<a class=""_sv4"" dir=""ltr"" href=""https://it-it.facebook.com/"" onclick=""require(""IntlUtils"").setCookieLocale(""it_IT"", ""en_US"", ""https:\/\/it-it.facebook.com\/"", ""www_list_selector"", 7); return false;"" title=""Italian"">
          Italiano
         </a>
</li>
<li>
<a class=""_sv4"" dir=""rtl"" href=""https://ar-ar.facebook.com/"" onclick=""require(""IntlUtils"").setCookieLocale(""ar_AR"", ""en_US"", ""https:\/\/ar-ar.facebook.com\/"", ""www_list_selector"", 8); return false;"" title=""Arabic"">
          العربية
         </a>
</li>
<li>
<a class=""_sv4"" dir=""ltr"" href=""https://hi-in.facebook.com/"" onclick=""require(""IntlUtils"").setCookieLocale(""hi_IN"", ""en_US"", ""https:\/\/hi-in.facebook.com\/"", ""www_list_selector"", 9); return false;"" title=""Hindi"">
          हिन्दी
         </a>
</li>
<li>
<a ajaxify=""/settings/language/language/?uri=https%3A%2F%2Fhi-in.facebook.com%2F&source=www_list_selector_more"" class=""_42ft _4jy0 _517i _517h _51sy"" href=""#"" rel=""dialog"" role=""button"" title=""Show more languages"">
<i class=""img sp_zdwpDYaFwZF sx_db60e6"">
</i>
</a>
</li>
</ul>
<div id=""contentCurve"">
</div>
<div aria-label=""Facebook site links"" id=""pageFooterChildren"" role=""contentinfo"">
<ul class=""uiList pageFooterLinkList _509- _4ki _703 _6-i"">
<li>
<a href=""/reg/"" title=""Sign Up for Facebook"">
           Sign Up
          </a>
</li>
<li>
<a href=""/login/"" title=""Log into Facebook"">
           Log In
          </a>
</li>
<li>
<a href=""https://messenger.com/"" title=""Check out Messenger."">
           Messenger
          </a>
</li>
<li>
<a href=""/lite/"" title=""Facebook Lite for Android."">
           Facebook Lite
          </a>
</li>
<li>
<a href=""https://www.facebook.com/watch/"" title=""Browse in Video"">
           Video
          </a>
</li>
<li>
<a href=""/places/"" title=""Check out popular places on Facebook."">
           Places
          </a>
</li>
<li>
<a href=""/games/"" title=""Check out Facebook games."">
           Games
          </a>
</li>
<li>
<a href=""/marketplace/"" title=""Buy and sell on Facebook Marketplace."">
           Marketplace
          </a>
</li>
<li>
<a href=""https://pay.facebook.com/"" target=""_blank"" title=""Learn more about Meta Pay"">
           Meta Pay
          </a>
</li>
<li>
<a href=""https://www.meta.com/"" target=""_blank"" title=""Check out Meta"">
           Meta Store
          </a>
</li>
<li>
<a href=""https://www.meta.com/quest/"" target=""_blank"" title=""Learn more about Meta Quest"">
           Meta Quest
          </a>
</li>
<li>
<a href=""https://www.meta.ai/"" title=""Meta AI"">
           Meta AI
          </a>
</li>
<li>
<a data-lynx-mode=""hover"" href=""https://l.facebook.com/l.php?u=https%3A%2F%2Fwww.instagram.com%2F&h=AT0tRznMPQiM9L6rr_COfwv4ubOB_z6zwFLRhGerIZ8T--3CQX_2y3CwKFb74zcQsHnfMii_Si2aDJ8vq0WXja4UcGmYQU91MElp_v4tOQ8DYR1vCuj9TCOKEKD53UwTYqy-plP0s5-J4pe-"" rel=""nofollow"" target=""_blank"" title=""Check out Instagram"">
           Instagram
          </a>
</li>
<li>
<a href=""https://www.threads.net/"" title=""Check out Threads"">
           Threads
          </a>
</li>
<li>
<a href=""/fundraisers/"" title=""Donate to worthy causes."">
           Fundraisers
          </a>
</li>
<li>
<a href=""/biz/directory/"" title=""Browse our Facebook Services directory."">
           Services
          </a>
</li>
<li>
<a href=""/votinginformationcenter/?entry_point=c2l0ZQ%3D%3D"" title=""See the Voting Information Center."">
           Voting Information Center
          </a>
</li>
<li>
<a href=""/privacy/policy/?entry_point=facebook_page_footer"" title=""Learn how we collect, use and share information to support Facebook."">
           Privacy Policy
          </a>
</li>
<li>
<a href=""/privacy/center/?entry_point=facebook_page_footer"" title=""Learn how to manage and control your privacy on Facebook."">
           Privacy Center
          </a>
</li>
<li>
<a href=""/groups/discover/"" title=""Explore our Groups."">
           Groups
          </a>
</li>
<li>
<a accesskey=""8"" href=""https://about.meta.com/"" title=""Read our blog, discover the resource center, and find job opportunities."">
           About
          </a>
</li>
<li>
<a href=""/ad_campaign/landing.php?placement=pflo&campaign_id=402047449186&nav_source=unknown&extra_1=auto"" title=""Advertise on Facebook."">
           Create ad
          </a>
</li>
<li>
<a href=""/pages/create/?ref_type=site_footer"" title=""Create a page"">
           Create Page
          </a>
</li>
<li>
<a href=""https://developers.facebook.com/?ref=pf"" title=""Develop on our platform."">
           Developers
          </a>
</li>
<li>
<a href=""/careers/?ref=pf"" title=""Make your next career move to our awesome company."">
           Careers
          </a>
</li>
<li>
<a data-nocookies='1' href=""/policies/cookies/"" title=""Learn about cookies and Facebook."">
           Cookies
          </a>
</li>
<li>
<a class=""_41ug"" data-nocookies='1' href=""https://www.facebook.com/help/568137493302217"" title=""Learn about Ad Choices."">
           Ad choices
           <i class=""img sp_zdwpDYaFwZF sx_470b13"">
</i>
</a>
</li>
<li>
<a accesskey=""9"" data-nocookies='1' href=""/policies?ref=pf"" title=""Review our terms and policies."">
           Terms
          </a>
</li>
<li>
<a accesskey=""0"" href=""/help/?ref=pf"" title=""Visit our Help Center."">
           Help
          </a>
</li>
<li>
<a href=""help/637205020878504"" title=""Visit our Contact Uploading & Non-Users Notice."">
           Contact Uploading & Non-Users
          </a>
</li>
<li>
<a accesskey=""6"" class=""accessible_elem"" href=""/settings"" title=""View and edit your Facebook settings."">
           Settings
          </a>
</li>
<li>
<a accesskey=""7"" class=""accessible_elem"" href=""/allactivity?privacy_source=activity_log_top_menu"" title=""View your activity log"">
           Activity log
          </a>
</li>
</ul>
</div>
<div class=""mvl copyright"">
<div>
<span>
          Meta © 2024
         </span>
</div>
</div>
</div>
</div>
</div>
</div>
<div>
</div>
<span>
<img height='0' src=""https://facebook.com/security/hsts-pixel.gif?c=3.2.5"" style=""display:none"" width='0'></img>
</span>
</div>
<div style=""display:none"">
</div>
<script data-chunk-uuid=""d78301a8-106b-4114-822a-d69573c1aef2"">// chunk_script_d78301a8-106b-4114-822a-d69573c1aef2
</script>
<script data-chunk-uuid=""54bdb8c5-a2b4-4255-bff5-e46bc32b8660"">// chunk_script_54bdb8c5-a2b4-4255-bff5-e46bc32b8660
</script>
<script data-chunk-uuid=""09f85a74-dbd1-4d38-ac10-a6dce6f5dca4"">// chunk_script_09f85a74-dbd1-4d38-ac10-a6dce6f5dca4
</script>
<script data-chunk-uuid=""5b85dbd8-2352-4e8e-b866-399f0ba6940c"">// chunk_script_5b85dbd8-2352-4e8e-b866-399f0ba6940c
</script>
<!-- Optimized by LLM -->
<link as=""style"" href=""https://static.xx.fbcdn.net/rsrc.php/v3/y5/l/0,cross/9uJ85fBP1ql.css?_nc_x=Ij3Wp8lg5Kz"" rel=""preload"" onload=""this.onload=null;this.rel='stylesheet'""></link>
<link as=""style"" href=""https://static.xx.fbcdn.net/rsrc.php/v3/yi/l/0,cross/5C7LQe6FV-U.css?_nc_x=Ij3Wp8lg5Kz"" rel=""preload"" onload=""this.onload=null;this.rel='stylesheet'""></link>
<link as=""style"" href=""https://static.xx.fbcdn.net/rsrc.php/v3/y0/l/0,cross/z38r275Iuu2.css?_nc_x=Ij3Wp8lg5Kz"" rel=""preload"" onload=""this.onload=null;this.rel='stylesheet'""></link>
<!-- End of Optimization: first-contentful-paint, largest-contentful-paint => Added async stylesheet loading -->

<link as=""script"" href=""https://static.xx.fbcdn.net/rsrc.php/v3/yS/r/IQesjrfZ6d8.js?_nc_x=Ij3Wp8lg5Kz"" nonce=""sC4SLfjB"" rel=""preload""></link>
<link as=""script"" href=""https://static.xx.fbcdn.net/rsrc.php/v3i7M54/yn/l/en_US/4Pp4F7gpCJ9.js?_nc_x=Ij3Wp8lg5Kz"" nonce=""sC4SLfjB"" rel=""preload""></link>
<link as=""script"" href=""https://static.xx.fbcdn.net/rsrc.php/v3/yu/r/oMdLeeyxQqZ.js?_nc_x=Ij3Wp8lg5Kz"" nonce=""sC4SLfjB"" rel=""preload""></link>
<script data-chunk-uuid=""19a961d8-fa03-4258-aec5-fc4ab7e26bf8"">// chunk_script_19a961d8-fa03-4258-aec5-fc4ab7e26bf8
</script>
<script data-chunk-uuid=""01c48224-b061-4266-9c06-2786e9ef7b5b"" nonce=""sC4SLfjB"">// chunk_script_01c48224-b061-4266-9c06-2786e9ef7b5b
</script>
<script data-chunk-uuid=""48858450-72b3-433b-9c80-859560279fe5"" nonce=""sC4SLfjB"">// chunk_script_48858450-72b3-433b-9c80-859560279fe5
</script>
<script data-chunk-uuid=""9fa36ead-9ac4-4407-839a-76f21e7f087e"">// chunk_script_9fa36ead-9ac4-4407-839a-76f21e7f087e
</script>
<script data-chunk-uuid=""ca7f828d-c5e1-4fd6-b2ca-2546a58b58d9"" nonce=""sC4SLfjB"">// chunk_script_ca7f828d-c5e1-4fd6-b2ca-2546a58b58d9
</script>
<script data-chunk-uuid=""04b07ad6-a997-42a1-ba3d-3dcb7baa73ef"" nonce=""sC4SLfjB"">// chunk_script_04b07ad6-a997-42a1-ba3d-3dcb7baa73ef
</script>"
